{"joint_names": ["r_shoulder_pan_joint", "r_shoulder_lift_joint", "r_upper_arm_roll_joint", "r_elbow_flex_joint", "r_forearm_roll_joint", "r_wrist_flex_joint", "r_wrist_roll_joint"], "pose_list": [[-0.05, -0.188, 0.790675, 0.0, -0.0, 0.0], [0.05, -0.188, 0.790675, 0.0, -0.0, 0.0], [0.05, -0.188, 0.790675, 0.0, -0.0, 0.0], [0.45, -0.188, 0.790675, 0.0, -0.0, 0.0], [0.45, -0.188, 0.790675, 0.0, -0.0, 0.0], [0.771, -0.188, 0.790675, 0.0, -0.0, 0.0], [0.771, -0.188, 0.790675, 0.0, -0.0, 0.0], [0.0, 0.0, 0.051, 0.0, -0.0, 0.0], [0.05, -0.188, 0.790675, 0.0, -0.0, 0.0]], "angle_vector": [0.0, 0.0, 0.0, 0.0, 0.0, 0.0, 0.0], "link_names": ["r_shoulder_pan_link", "r_shoulder_lift_link", "r_upper_arm_roll_link", "r_elbow_flex_link", "r_forearm_roll_link", "r_wrist_flex_link", "r_wrist_roll_link", "base_link", "r_upper_arm_link"]}
