{"joint_names": ["r_shoulder_pan_joint", "r_shoulder_lift_joint", "r_upper_arm_roll_joint", "r_elbow_flex_joint", "r_forearm_roll_joint", "r_wrist_flex_joint", "r_wrist_roll_joint"], "pose_list": [[-0.05, -0.188, 0.790675, 0.564, -0.0, 0.0], [0.03451235938558636, -0.1345429040156361, 0.790675, 0.5640000000000001, 0.35, 2.7755575615628914e-17], [0.03451235938558636, -0.1345429040156361, 0.790675, 0.5640000000000001, 0.35, -0.7400000000000001], [0.35206677660626995, 0.06632164508746252, 0.6535158770178194, 1.021812278273923, -0.18569466995283795, -0.7003528812270149], [0.35206677660626995, 0.06632164508746252, 0.6535158770178194, 1.021812278273923, -0.18569466995283795, -1.400352881227015], [0.5166915664812306, 0.33544470052888975, 0.7127818840412012, 1.1931898588333087, -0.21174995675381797, -1.4342683981753734], [0.5166915664812306, 0.33544470052888975, 0.7127818840412012, 1.1931898588333087, -0.21174995675381797, -2.0642683981753733], [0.0, 0.0, 0.051, 0.0, -0.0, 0.0], [0.03451235938558636, -0.1345429040156361, 0.790675, 0.5640000000000001, 0.35, -0.7400000000000001]], "angle_vector": [0.564, 0.35, -0.74, -0.7, -0.7, -0.17, -0.63], "link_names": ["r_shoulder_pan_link", "r_shoulder_lift_link", "r_upper_arm_roll_link", "r_elbow_flex_link", "r_forearm_roll_link", "r_wrist_flex_link", "r_wrist_roll_link", "base_link", "r_upper_arm_link"]}